ArtistName,Bio,Location,Followers,ProfileImageURL,BackgroundImageURL
Nina Kraviz,,,,,
Tale of Us,,,,,
Richie Hawtin,,,,,
Four Tet,,,,,
efdemin,,,,,
genius of time,,,,,
ilario alicante,,,,,
guy gerber,,,,,
ida engberg,,,,,
bicep,,,,,
kerri chandler,,,,,
oxia,,,,,
maceo plex,,,,,
pleasurekraft,,,,,
ron flatter,,,,,
christian burkhardt,,,,,
hraach,,,,,
boris brejcha,,,,,
stephan bodzin,,,,,
kiasmos,,,,,
enrico sangiuliano,,,,,
fatima yamaha,,,,,
dixon,,,,,
kevin yost,,,,,
dj koze,,,,,
recondite,,,,,
carl cox,,,,,
harrison bdp,,,,,
monika kruse,,,,,
plastikman,,,,,
traumer,,,,,
dj tennis,,,,,
janeret,,,,,
seb wildblood,,,,,
vaal,,,,,
mrsch,,,,,
hostox,,,,,
matthieu faubourg,,,,,
anna,,,,,
marcel dettmann,,,,,
mind against,,,,,
apollonia,,,,,
mathame,,,,,
woo york,,,,,
charlotte de witte,,,,,
aleksandir,,,,,
adam beyer,,,,,
baltra,,,,,
randomer,,,,,
donato dozzy,,,,,
henrik schwarz,,,,,
youandewan,,,,,
ross from friends,,,,,
ame,,,,,
mall grab,,,,,
daniel avery,,,,,
kink,,,,,
willow,,,,,
sublee,,,,,
rhadoo,,,,,
prikuadriatique,,,,,
floating points,,,,,
aurora halal,,,,,
red axes,,,,,
ben klock,,,,,
laurent garnier,,,,,
chaos in the cbd,,,,,
octo octa,,,,,
boston 168,,,,,
747,,,,,
burial,,,,,
rodhad,,,,,
amelie lens,,,,,
haai,,,,,
deborah de luca,,,,,
fideles,,,,,
I hate models,,,,,
john talabot,,,,,
agents of time,,,,,
